title,summary,published,categorie
"L'avocate d'une étudiante turque accuse la police américaine de l'immigration de l'avoir ""enlevée""","Rumeysa Ozturk a été arrêtée aux Etats-Unis par la police de l'immigration. ""Nous devrions tous être horrifiés de la manière dont [le ministère de la Sécurité intérieure] a enlevé Rumeysa [Ozturk] en plein jour"", a dénoncé son avocate.","Fri, 28 Mar 2025 08:12:48 +0100",societe
"""Acculturer, sensibiliser, former…"" : un guide de bonnes pratiques pour améliorer l'inclusion des personnes trans et non binaires au travail",Ce troisième guide employeur est le premier de l'association L'Autre Cercle qui inclut la non-binarité.,"Fri, 28 Mar 2025 07:46:52 +0100",societe
"Dématérialisation, contrôles et harmonisation des règles... Trois questions sur le futur permis de conduire européen","Valable 15 ans et notamment accessible sur smartphone, ce permis continental aura la même valeur que le permis de conduire physique. Il pourrait entrer en vigueur dès 2030.","Fri, 28 Mar 2025 07:44:42 +0100",societe
"REPORTAGE. ""À chaque fois, on a des enfants qui se calment"" : dans la Sarthe, élèves et enseignants profitent des bienfaits de faire classe dehors","De plus en plus d'écoles pratiquent les cours en extérieur, en forêt ou dans la cour. À Allonnes, près du Mans, tout le monde profite et ressent les bienfaits de cette pratique, sur l'apprentissage comme sur le comportement.","Fri, 28 Mar 2025 07:34:24 +0100",societe
"Violences sexuelles dans l'Église : de la maladresse à la rétention d’informations, les manquements de 18 évêques actuellement en poste après des signalements","A quelques jours de l'assemblée plénière des évêques de France, France Inter a enquêté sur les affaires de violences sexuelles de chaque diocèse et a retracé le parcours de chaque évêque pour comprendre la manière dont chacun prend en compte les alertes qui remontent, accueille les témoignages ou accompagne les victimes.","Fri, 28 Mar 2025 07:24:50 +0100",societe
"H&M veut générer des ""répliques numériques"" de mannequins grâce à l'intelligence artificielle pour des campagnes publicitaires","Selon l'entreprise suédoise de prêt-à-porter, les mannequins seront propriétaires des droits de leurs ""jumeaux numériques"", a révélé le site internet britannique The Business of Fashion.","Fri, 28 Mar 2025 07:09:08 +0100",societe
Agression sexuelle : comment est-elle définie dans la loi ?,"Jugé depuis lundi à Paris pour agression sexuelle, Gérard Depardieu a affirmé à la barre : ""Je ne sais pas ce qu’est une agression sexuelle"". Pourtant, le Code pénal français en donne un définition claire.","Fri, 28 Mar 2025 07:08:46 +0100",societe
Radio France met à disposition une sélection de 800 podcasts pour réviser le bac,"Dès ce vendredi, des centaines de productions issues des chaînes du groupe sont mises à disposition des lycéens pour réviser des thèmes du baccalauréat.","Fri, 28 Mar 2025 06:45:23 +0100",societe
"VRAI OU FAUX. Peut-on vraiment expulser les étrangers détenus dans les prisons françaises, comme le souhaite Gérald Darmanin ?","Dans l'Union européenne, le transfert de prisonniers entre Etats membres est déjà régi par une décision-cadre de 2008. Pour les autres pays, la France doit obtenir des accords bilatéraux, ce qui peut prendre plusieurs mois.","Fri, 28 Mar 2025 05:53:40 +0100",societe
Les zones à faibles émissions (ZFE) bientôt supprimées ? Un projet de loi examiné le 8 avril à l'Assemblée,"Dans le collimateur de nombreux conducteurs et élus, les ZFE, zones à faibles émissions, censées diminuer la pollution en ville, pourraient bientôt disparaître. Un texte demandant leur suppression doit être examiné le 8 avril à l'Assemblée nationale.","Fri, 28 Mar 2025 00:22:37 +0100",societe
VIDEO. Ma prison va craquer,"La prison d’Oermingen était une prison modèle. Désormais touchée par la surpopulation carcérale, elle doit accueillir des détenus plus difficiles, plus jeunes et plus violents. Cet afflux de prisonniers va-t-il ruiner le travail et les efforts engagés pour favoriser la réinsertion&nbsp;?","Thu, 27 Mar 2025 23:35:05 +0100",societe
Le ministère de l'Economie et des Finances a été perquisitionné dans une enquête pour blanchiment immobilier visant un milliardaire russe,"L'information a été communiquée par le parquet de Paris, qui évoque ""un enjeu estimé à 38 millions d'euros"".","Thu, 27 Mar 2025 22:58:57 +0100",societe
Blanchiment d'argent : un yacht vendu aux enchères pour 10 millions d'euros,Un yacht saisi à un milliardaire biélorusse impliqué dans une affaire de blanchiment d'argent a été vendu plus de 10 millions d'euros jeudi 27 mars.,"Thu, 27 Mar 2025 22:15:24 +0100",societe
VIDEO. Code : le permis de tricher ?,"La privatisation du code la route, en 2016, a entraîné une fraude massive&nbsp;: près de 40% des codes délivrés chaque année seraient des ""faux"". Quant à l'examen pratique, les délais d'attente se sont dangereusement allongés... Retour sur une catastrophe.","Thu, 27 Mar 2025 22:03:08 +0100",societe
"Un avion de reconnaissance russe s'est approché des côtes allemandes, avant d'être escorté","L'appareil volait ""sans plan de vol ni transpondeur en activité"", selon l'armée de l'air allemande.","Thu, 27 Mar 2025 21:57:22 +0100",societe
"Après les Ehpad, le gouvernement va contrôler 500 établissements qui accueillent des jeunes handicapés","La ministre de l’Autonomie et du Handicap veut prioriser les structures avec hébergement, mais aussi celles qui accueillent des enfants.","Thu, 27 Mar 2025 20:38:20 +0100",societe
"""Ma fille n'a pas voulu être prisonnière, c'est pour ça qu'elle est morte"" : au procès du féminicide de Chahinez Daoud, la douleur de la famille de la victime","Au quatrième jour du procès de Mounir Boutaa, accusé d'avoir assassiné sa femme en 2021, la famille de la victime a témoigné devant la cour, jeudi.","Thu, 27 Mar 2025 19:37:04 +0100",societe
"Présence militaire européenne en Ukraine : ""Cela me paraît prématuré"", dit l'ancien président de la commission des Affaires étrangères à l'Assemblée","Emmanuel Macron a évoqué jeudi  un possible déploiement de forces de ""plusieurs pays européens"" alliés après un éventuel accord de paix, à l'issue d'une réunion à Paris d'une coalition des États soutenant Kiev.","Thu, 27 Mar 2025 19:35:59 +0100",societe
"EN REPLAY. Le Talk - Guerre en Ukraine : le ""sommet des alliés"" servira-t-il à quelque chose ? Faut-il vraiment durcir la justice pénale des mineurs ?","Au programme du Talk de franceinfo du jeudi 27 mars, la visite en France du président ukrainien, son entretien fleuve diffusé sur franceinfo et la tenue d'un sommet des alliés de l'Ukraine, puis la proposition de loi visant à restaurer l'autorité de la justice à l'égard des mineurs délinquants et de leurs parents.","Thu, 27 Mar 2025 19:08:05 +0100",societe
Procès de Gérard Depardieu : le parquet requiert 18 mois de prison avec sursis et 20 000 euros d'amende contre l'acteur,"Il est accusé d'agressions sexuelles sur deux femmes lors du tournage du film ""Les Volets verts"", en 2021. Le jugement sera rendu le 13 mai.","Thu, 27 Mar 2025 19:05:08 +0100",societe
Climat : des scientifiques virés du jour au lendemain par Donald Trump,"En s'attaquant à coups de licenciements et de coupes budgétaires à la recherche scientifique, en particulier à celle liée au climat, Donald Trump a engendré de nombreuses conséquences, dont certaines sont déjà visibles et quantifiables. Même la Nasa n'est pas épargnée.","Thu, 27 Mar 2025 22:47:04 +0100",science
Le Palais de la découverte entame sa réouverture en juin avec une exposition sur l'intelligence artificielle,"Situé dans l'aile ouest du Grand Palais, le musée dédié à la science a fermé en 2020 pour travaux.","Thu, 27 Mar 2025 18:35:27 +0100",science
"EN IMAGES. On vous présente trois découvertes de la mission spatiale européenne Gaia, qui prend sa retraite après avoir cartographié la Voie lactée avec une précision inédite","Lancée en 2013, la sonde doit être désactivée jeudi mais l'important volume de données qu'elle a collectées va alimenter la recherche pendant encore au moins plusieurs décennies.","Thu, 27 Mar 2025 05:55:40 +0100",science
Eurozapping : le Danemark dénonce la pression des États-Unis,"Comme chaque soir, le JT du 23h info fait un tour de l'actualité diffusée par les chaînes européennes de télévision. C'est l'Eurozapping du mardi 25 mars.","Wed, 26 Mar 2025 08:10:16 +0100",science
"Peut-on ralentir le vieillissement ? ""On extrapole un peu vite les études scientifiques"", avertit le Dr Damien Mascret","Selon le Dr Damien Mascret, il n'existe pas de recette miracle contre le vieillissement du corps, et certaines études sont à prendre avec précaution.","Tue, 25 Mar 2025 22:45:15 +0100",science
Vieillissement : à quel âge est-on vraiment vieux ?,"À quel âge peut-on se considérer comme vieux ? Si la question est relative, la science a déterminé un âge charnière, et il arrive bien plus tôt que prévu.","Tue, 25 Mar 2025 22:23:46 +0100",science
Vieillissement : plongée dans le business de la vie éternelle,"Aux États-Unis, les cliniques de longévité font le plein et la technologie de pointe contre le vieillissement du corps est promue par les célébrités. Un véritable business qui rapporte gros.","Tue, 25 Mar 2025 21:07:01 +0100",science
Espace : d'où vient la spirale bleue apparue dans le ciel français lundi soir ?,Une mystérieuse spirale bleue a été aperçue en France et en Europe lundi 24 mars 2025. Derrière ce phénomène se cache une explication des plus simples.,"Tue, 25 Mar 2025 16:25:31 +0100",science
Une spirale bleue aperçue dans le ciel de certaines régions de France,"Le phénomène lumineux est apparu dans le ciel aux alentours de 21 heures, lundi soir. Il est dû au passage d'une fusée au-dessus de l'Europe, selon les spécialistes.","Tue, 25 Mar 2025 12:01:55 +0100",science
"En Arizona, la Cour suprême mise sur l'intelligence artificielle pour communiquer ses décisions","En Arizona, la Cour suprême adopte une nouvelle stratégie pour annoncer ses décisions au public : des avatars générés par intelligence artificielle. Une initiative qui vise à améliorer la transparence et à renforcer la confiance dans les institutions judiciaires.","Tue, 25 Mar 2025 10:22:47 +0100",science
"Davantage de contrôles, grand plan de recherche... Les recommandations de l'Académie des sciences sur les PFAS","Les chercheurs de l'Académie appellent notamment à une meilleure transparence et traçabilité, mais aussi à substituer ces substances et à les éliminer dans les milieux contaminés.","Tue, 25 Mar 2025 08:00:02 +0100",science
Une alternative franco-allemande à Google Docs,"Pour s’affranchir un peu plus des technologies américaines, l’Europe lance un clone de Google Docs et d’Office de Microsoft. Il s’appelle tout simplement : Docs. Il a été développé par les équipes numériques des gouvernements français et allemand.","Mon, 24 Mar 2025 12:05:15 +0100",science
De jeunes médecins détournent des vidéos d'influenceurs pour dénoncer les fausses informations médicales sur Internet,"Le syndicat ReAGJIR lutte contre la désinformation médicale sur leur compte TikTok ""Healthbuster"" en détournant des vidéos d'influenceurs avec des deepfakes. Ils dénoncent des pratiques dangereuses en rappelant l'importance de se fier aux conseils de professionnels de santé.","Mon, 24 Mar 2025 08:07:10 +0100",science
"Baisse des dépenses américaines dans la recherche : ""c'est très inquiétant"", réagit Philippe Baptiste, ministre de l'Enseignement supérieur et de la Recherche","Le ministre de l’Enseignement supérieur et de la Recherche, Philippe Baptiste, était l'invité du ""8h30 franceinfo"". Il répondait aux questions de Bérengère Bonte et Hadrien Bect.","Sun, 23 Mar 2025 10:47:30 +0100",science
Innovation : les véhicules sans chauffeur de plus en plus en vogue aux États-Unis,"Aux États-Unis, des voitures autonomes font de plus en plus concurrence aux VTC classiques. La filiale de Google, notamment, Waymo, a enregistré plus de quatre millions de trajets payants à San Francisco, Los-Angeles ou encore Austin.","Sat, 22 Mar 2025 23:53:21 +0100",science
"Boissons énergisantes : attention aux ingrédients dits naturels comme le guarana ou le maté, qui peuvent contenir encore plus de caféine","Le magazine ""60 millions de consommateurs"" attire l'attention sur la haute teneur en caféine de ces boissons qui, associées avec d'autres excitants comme le café ou le tabac, peuvent se révéler dangereuses pour le cœur.","Sat, 22 Mar 2025 14:00:01 +0100",science
"Infiltrations, façade dégradée, isolation obsolète... Le Muséum national d'histoire naturelle lance un appel aux dons pour sauver l'Hôtel de Magny, à Paris","La restauration de cet ancien hôtel particulier, construit entre 1696 et 1700 et classé aux monuments historiques, est estimée à 11,5 millions d'euros.","Sat, 22 Mar 2025 13:39:34 +0100",science
"Attaques contre la recherche aux États-Unis : un danger pour le changement climatique, souligne François Gemenne",Les récentes attaques contre les chercheurs et la science aux États-Unis pourraient avoir des conséquences dramatiques sur la recherche climatique mondiale. Les coupes budgétaires et les interdictions de certains sujets de recherche risquent de fragiliser la lutte contre le changement climatique et d'affecter les rapports du GIEC.,"Sat, 22 Mar 2025 08:53:08 +0100",science
Antarctique : des scientifiques appellent à l'aide après des comportements violents de la part d'un collègue,"Dans une station scientifique sud-africaine située en Antarctique, un membre de l'équipe de chercheurs aurait frappé un collègue et proféré des menaces de mort envers un autre des scientifiques.","Thu, 20 Mar 2025 09:20:43 +0100",science
Station de recherche en Antarctique : des scientifiques appellent à l'aide après une agression,"Dans une station scientifique de l'Antarctique, un membre d'une équipe de chercheurs aurait frappé une collègue et menacé de mort un autre. Une situation d'autant plus préoccupante qu'ils sont censés vivre ensemble jusqu'à la fin de l'année.","Wed, 19 Mar 2025 22:05:22 +0100",science
"TikTok Shop : dès lundi, il sera possible de faire son shopping directement sur le réseau social",Le réseau social chinois va permettre à ses utilisateurs français de faire ses courses sans quitter l'application. Une nouveauté qui soulève de nombreuses questions.,"Fri, 28 Mar 2025 08:35:48 +0100",economie
"REPORTAGE. ""On va se rendre compte qu'elle a bu beaucoup d'alcool"" : comment les entreprises sensibilisent leurs employés aux addictions","Pour changer des formations classiques sur les risques d'addictions au travail (alcool, drogue...), certaines entreprises organisent des sessions sous forme de quiz ou encore d'escape game. Une manière aussi de réduire les risques d'accidents au travail.","Fri, 28 Mar 2025 08:34:24 +0100",economie
"Guerre commerciale : les portes de la Chine ""s'ouvriront de plus en plus grand"", lance Xi Jinping aux investisseurs étrangers","Le président chinois s'est aussi inquiété de voir le libre-échange et le multilatéralisme confrontés à de ""graves défis"", au moment où son pays est ciblé par la guerre commerciale lancée par Donald Trump.","Fri, 28 Mar 2025 08:04:15 +0100",economie
"Avec les déboires de British Steel, une nouvelle illustration de la crise de la sidérurgie en Europe","Le sidérurgiste British Steel, filiale du chinois Jingye, a confirmé jeudi  la fermeture prochaine de ses hauts fourneaux de Scunthorpe, ainsi que d'autres installations au Royaume-Uni, invoquant des ""conditions de marché difficiles et des pertes financières importantes"".","Fri, 28 Mar 2025 07:39:07 +0100",economie
"TEMOIGNAGE. ""Très vite, ça m'a mis des bâtons dans les roues"" : l'endométriose, cette maladie ""connue, mais mal connue"" qui peut freiner la carrière des femmes","Après un début de vie professionnelle compliqué par sa maladie, Camille Derveaux Ringot démissionne pour se consacrer à un nouveau projet directement inspiré de son parcours. Franceinfo l'a rencontrée à l'occasion de la semaine européenne d'information et de prévention sur l'endométriose, qui se déroule du 3 au 9 mars.","Fri, 28 Mar 2025 06:29:42 +0100",economie
Hausse des droits de douane américains : Donald Trump affole le secteur automobile,"Donald Trump a annoncé de nouveaux droits de douane pour le secteur automobile avec une hausse de 25 % des droits de douane sur les automobiles importées aux États-Unis. L’entrée en vigueur interviendrait le 2 avril 2025, et l’annonce a suscité de vives réactions à l'international.","Fri, 28 Mar 2025 06:28:44 +0100",economie
La décision du Conseil constitutionnel sur l'inéligibilité d'un élu mahorais peut-elle faire jurisprudence pour Marine Le Pen ?,"La patronne des députés RN risque cinq ans de prison ferme et cinq ans d'inéligibilité avec exécution provisoire dans l'affaire des assistants parlementaires du Front national, dont le jugement doit être rendu lundi.","Fri, 28 Mar 2025 05:54:27 +0100",economie
"Réarmement de la France : les PME prêtes à prendre leur part, à certaines conditions","Pour répondre aux attentes de l'État qui souhaite renforcer l'armement français, les entreprises sont prêtes à augmenter leur production. Mais certaines demandent des garanties.","Fri, 28 Mar 2025 00:13:54 +0100",economie
Hausse des droits de douane américains : Stellantis visé par Donald Trump,"Avec une hausse de 25% des droits de douane sur les automobiles importées aux États-Unis, le groupe Stellantis pourrait être poussé à revoir sa stratégie industrielle.","Thu, 27 Mar 2025 23:59:43 +0100",economie
Les tensions entre la France et l'Algérie inquiètent les patrons,Les patrons de nombreuses entreprises françaises installées en Algérie sont inquiets face aux tensions diplomatiques entre les deux pays. Certains ont accepté de nous confier leurs difficultés anonymement.,"Thu, 27 Mar 2025 23:21:09 +0100",economie
Pénurie de médicaments : moins de ruptures de stock dans les pharmacies,"Les ruptures de stock de certains médicaments s'estompent depuis le début de l'année 2025. Derrière cette amélioration, le travail d'officines autorisées à fabriquer des médicaments manquants.","Thu, 27 Mar 2025 21:50:20 +0100",economie
"Déficit public : de meilleurs chiffres en 2024, mais un objectif ambitieux pour 2025","Si le déficit public a été revu à la baisse en 2024, l'objectif d'un déficit à 5,4% du PIB en 2025 est ambitieux. Sur le plateau du 20 Heures, le journaliste Jean-Paul Chapel explique pourquoi cela sera compliqué.","Thu, 27 Mar 2025 21:35:03 +0100",economie
"Menace de hausse des droits de douane sur l’alcool européen : ""Une guerre commerciale, c’est perdant-perdant"", pour la ministre de l’Agriculture",La ministre de l'Agriculture était à Grenoble jeudi pour la clôture du 79e congrès du syndicat agricole FNSEA.,"Thu, 27 Mar 2025 19:23:43 +0100",economie
"REPORTAGE. Les magasins bio, comme Biocoop, retrouvent le chemin de la croissance","Malgré des difficultés qui persistent dans certaines filières, comme l'élevage, le secteur redémarre enfin après la crise inflationniste qui avait vu ses ventes chuter. L'enseigne Biocoop devrait continuer à voir son chiffre d'affaires progresser en 2025.","Thu, 27 Mar 2025 18:27:43 +0100",economie
Réforme de la TVA : les auto-entrepreneurs se mobilisent contre l'abaissement du seuil,"Le gouvernement envisage de faire payer aux auto-entrepreneurs la TVA dès 25 000 euros par an et non plus 85 000. Pour beaucoup, cela signifierait une augmentation de leurs prix ou la fin de leur activité.","Thu, 27 Mar 2025 17:27:38 +0100",economie
Cinq questions sur la hausse de 25% des droits de douane sur les automobiles étrangères annoncée par Donald Trump,"Le Mexique, le Japon et le Canada figurent parmi les pays les plus exposés. Du côté de l'Europe, l'Allemagne va être particulièrement affectée.","Thu, 27 Mar 2025 17:17:57 +0100",economie
"Charente-Maritime : sur l'île d'Oléron, la passion d'un marin-pêcheur","Sébastien Gas a commencé à pêcher lorsqu'il était enfant. Désormais marin-pêcheur, il continue de vivre sa passion avec la pêche à la palangre, une méthode traditionnelle.","Thu, 27 Mar 2025 17:02:05 +0100",economie
"Dans les Pyrénées-Orientales, le succès du maraîchage sur sol vivant","Économique, écologique et savoureux, le maraîchage sur sol dit ""vivant"" rencontre un franc succès. Reportage dans les Pyrénées-Orientales, où André Trives, maraîcher catalan, nous explique son fonctionnement.","Thu, 27 Mar 2025 16:26:42 +0100",economie
"""Ce n'était pas moi, c'était mon corps"" : au procès du féminicide de Chahinez Daoud, Mounir Boutaa n'a cessé de se dédouaner","L'accusé de 48 ans a été interrogé jeudi sur l'assassinat de son épouse, brûlée vive le 4 mai 2021. Mounir Boutaa n'a montré aucun remords et s'est enfermé dans sa propre logique.","Fri, 28 Mar 2025 10:17:11 +0100",societe
"PODCAST. Le concert ""Solidarité Congo"" reporté, prépare ton sac de survie et changement d'heure : ça dit quoi ce 28 mars ?","Ce vendredi 28 mars, un concert caritatif qui devait rassembler des stars d'origine congolaise comme GIMS à Paris est reporté à cause du conflit avec le Rwanda, l'UE invite tous ses habitants à préparer un kit de survie et on passe à l'heure d'été ce week-end.","Fri, 28 Mar 2025 10:10:07 +0100",societe
Deux entraîneurs d’un club de boxe de Nantes visés par des signalements d’agressions sexuelles,"Certains adhérents et anciens adhérents du club estiment que les deux entraîneurs, reconnus dans le milieu de la boxe, ont pu bénéficier d’une forme d'omerta.","Fri, 28 Mar 2025 10:01:00 +0100",societe
Mort du petit Émile : les regards restent tournés vers la famille de l'enfant,"Les gardes à vue des grands-parents d'Émile, de son oncle et de sa tante ont été levées, jeudi 27 mars. La famille du petit garçon, discrète et dominée par le patriarche, doit toutefois vivre avec le poids du soupçon.","Fri, 28 Mar 2025 09:32:07 +0100",societe
"Affaire Chahinez Daoud : “Il y a de bout en bout de la chaîne des dysfonctionnements et il faut s’atteler à les régler”, affirme la directrice générale de la fédération nationale Solidarités Femmes","Mine Günbay, directrice générale de la fédération nationale Solidarités Femmes, était l'invitée de la Matinale de France Info pour parler de la mort de Chahinez Daoud. Ce féminicide avait provoqué une vague d’émotion dans le pays.","Fri, 28 Mar 2025 08:59:56 +0100",societe
Euromillions : un pactole de 243 millions d’euros en jeu,"Le jackpot record de 243 millions d’euros fait rêver, entre voyages, plaisirs personnels et cadeaux aux proches. Mais le meilleur choix reste l’investissement, pouvant générer jusqu’à 500 000 euros par mois sans effort.","Fri, 28 Mar 2025 10:46:56 +0100",economie
La décision du Conseil constitutionnel sur l'inéligibilité d'un élu mahorais peut-elle faire jurisprudence pour Marine Le Pen ?,"La patronne des députés RN risque cinq ans de prison ferme et cinq ans d'inéligibilité avec exécution provisoire dans l'affaire des assistants parlementaires du Front national, dont le jugement doit être rendu lundi.","Fri, 28 Mar 2025 10:21:07 +0100",economie
"Retraites : ""On a clarifié les relations avec le gouvernement"" estime Marylise Léon","Marylise Léon, secrétaire générale de la CFDT, était l’invitée des ""4 Vérités"" mardi 25 mars.","Fri, 28 Mar 2025 09:41:48 +0100",economie
"REPORTAGE. ""Les concessionnaires sont très inquiets"" : aux Etats-Unis, l'augmentation des droits de douane sur les voitures étrangères risque de perturber le marché","Dès mercredi, les droits de douane sur les voitures fabriquées à l'étranger augmenteront de 25% aux Etats-Unis.","Fri, 28 Mar 2025 09:31:41 +0100",economie
La RATP dévoile son plan d'action pour lutter contre la fraude sur l'ensemble de son réseau en Ile-de-France,"Ce plan, articulé autour de 20 actions, vise à améliorer la prévention, intensifier les contrôles, faciliter les réponses pénales, tout en renforçant la sécurité des agents.","Fri, 28 Mar 2025 09:00:21 +0100",economie
Procès du féminicide de Chahinez Daoud : la réclusion criminelle à perpétuité requise contre l'accusé,"L'avocate générale a requis la perpétuité, assortie d'une période de sûreté de 22 ans, contre Mounir Boutaa, pour ""l'assassinat"" en mai 2021 de son épouse Chahinez Daoud, brûlée vive à Mérignac, près de Bordeaux.","Fri, 28 Mar 2025 11:05:19 +0100",societe
Mondiaux de snowboard : le retour très médiatique de l'athlète Chloé Trespeuch après un accouchement,"Elle ne pensait pas revenir si vite. Moins de trois mois après avoir donné naissance à Marlo, la Française Chloé Trespeuch effectue un retour express en compétition. Elle concourt aux Mondiaux de snowboardcross vendredi et vise une médaille.","Fri, 28 Mar 2025 11:07:26 +0100",economie
Procès du féminicide de Chahinez Daoud : la réclusion criminelle à perpétuité requise contre l'accusé,"L'avocate générale a requis la perpétuité, assortie d'une période de sûreté de 22 ans, contre Mounir Boutaa, pour l'assassinat en mai 2021 de son épouse Chahinez Daoud, brûlée vive à Mérignac, près de Bordeaux.","Fri, 28 Mar 2025 11:12:27 +0100",societe
Les PME demandent des garanties pour renforcer l'armement français,"Les entreprises sont prêtes à répondre aux attentes de l'État, qui souhaite renforcer l'armement français, mais à certaines conditions. Les PME attendent notamment des engagements fermes de la part du gouvernement.","Fri, 28 Mar 2025 11:31:24 +0100",economie
Droits de douane américains : Stellantis dans le viseur de Donald Trump,"Le président américain a annoncé une augmentation de 25 % des droits de douane, dès le 2 avril, sur tous les véhicules qui ne sont pas fabriqués aux États-Unis. Cette nouvelle déclaration de guerre commerciale suscite des inquiétudes, notamment pour le groupe Stellantis.","Fri, 28 Mar 2025 11:38:39 +0100",economie
Climat : Donald Trump s'attaque à plusieurs institutions scientifiques,L'administration de Donald Trump a licencié du jour au lendemain un millier de scientifiques de l'Administration nationale océanique et atmosphérique. D'autres institutions sont dans le viseur du président américain.,"Fri, 28 Mar 2025 11:42:46 +0100",science
Les zones à faibles émissions (ZFE) pourraient bientôt disparaître,"Les zones à faibles émissions (ZFE), créées en 2019 pour réduire la pollution de l'air, sont dans le collimateur de certains conducteurs et élus. Un projet de loi demandant leur suppression doit être examiné le 8 avril à l'Assemblée nationale.","Fri, 28 Mar 2025 11:50:15 +0100",economie
Espagne : la condamnation pour viol de l'ex-joueur du Barça et du PSG Dani Alves annulée en appel,"Condamné à quatre ans et demi de prison pour viol en 2024, mais libéré sous caution, Dani Alves a vu sa condamnation annulée par la Cour d'appel de Barcelone, vendredi.","Fri, 28 Mar 2025 12:02:48 +0100",societe
"Demain les voix des victimes d’AVC, ou de ceux qui ont des difficultés à s'exprimer, pourront être reconstituées","Aider celles et ceux qui ont des difficultés à parler à s'exprimer à se faire comprendre, c'est la promesse de nouvelles technologies.","Fri, 28 Mar 2025 11:55:11 +0100",science
"Euromillions : ""On délivre aux grands gagnants quelques points de repère"", explique une responsable de la FDJ","La somme record de 243 millions d'euros est mise en jeu, vendredi, à l'Euromillions.","Fri, 28 Mar 2025 12:10:27 +0100",economie
"A Fontenay-aux-Roses, un collège sous le choc après l'agression d'une professeure d'EPS","Les cours ont repris vendredi au collège des Ormeaux, dans les Hauts-de-Seine. Quelques jours plus tôt, une professeure d'EPS a été agressée par trois adolescents.","Fri, 28 Mar 2025 15:29:16 +0100",societe
"VIDEO. Loi sur la justice des mineurs :  ""C'est très grave, on reste sans voix : le texte voté est dix fois pire que ce qu'on craignait"", alerte Adeline Hazan","Adeline Hazan, présidente de l'Unicef France et ancienne magistrate pour enfant estime dans le Talk de franceinfo que la proposition de loi de l’ancien Premier ministre Gabriel Attal visant à durcir la justice des mineurs, adoptée mercredi 26 mars par le Sénat, balaie tous les principes de la justice des mineurs.","Fri, 28 Mar 2025 14:57:42 +0100",societe
Prix des carburants : la baisse va-t-elle continuer ?,"Les prix des carburants sont en baisse vendredi 28 mars, à leur plus bas niveau depuis novembre 2024. Les automobilistes font le plein, craignant de futures hausses.","Fri, 28 Mar 2025 15:41:22 +0100",economie
"Ferme squattée en Mayenne : ""Ils ont laissé une ferme abandonnée"", constate le propriétaire, qui vient de récupérer son exploitation","Après deux ans de combat, Patrice Garanger et son épouse ont pu récupérer leur ferme, que les acheteurs ont occupée sans l'avoir jamais payée.","Fri, 28 Mar 2025 16:06:55 +0100",economie
TikTok : les Français sont-ils prêts à faire leurs achats par la plateforme dès lundi ?,"À partir de lundi 31 mars, TikTok va proposer aux internautes français de faire leurs achats directement sur la plateforme. Une nouveauté testée par les Anglais qui divise.","Fri, 28 Mar 2025 16:32:20 +0100",societe
Croisières : le paquebot MSC World America a pris le large,"Après plus de deux ans de construction, le géant des mers est parti vers les États-Unis, jeudi 27 mars. Long de 333 mètres, il peut accueillir plus de 6 700 passagers et environ 2 000 membres d'équipage.","Fri, 28 Mar 2025 16:36:20 +0100",economie
"Ferme squattée en Mayenne : ""Ils ont laissé une ferme abandonnée"", déplore le propriétaire, qui vient de récupérer son exploitation","Après deux ans de combat, Patrice Garanger et son épouse ont pu récupérer leur ferme, que les acheteurs ont occupée sans l'avoir jamais payée.","Fri, 28 Mar 2025 16:39:23 +0100",economie
"Manifestations en Turquie : un journaliste suédois arrêté à son arrivée dans le pays, où il devait couvrir la contestation","Les autorités turques ont par ailleurs expulsé jeudi un reporter de la BBC, lui aussi venu couvrir les manifestations consécutives à l'arrestation du maire d'Istanbul, leader de l'opposition à Recep Tayyip Erdogan.","Fri, 28 Mar 2025 16:41:12 +0100",economie
"Jura : le Pays d'Arbois, une nature intacte qui abrite la maison de Louis Pasteur","Au cœur du Jura, le 13h en week-end se rend au Pays d'Arbois, vendredi 28 mars. Entre trail et patrimoine, de nombreuses surprises sont à découvrir.","Fri, 28 Mar 2025 16:58:42 +0100",economie
CARTE. Scandale de maltraitance dans les Ehpad : découvrez les 44 établissements fermés ou sanctionnés à l'issue du plan de contrôle lancé par le gouvernement,"Trois jours après la diffusion du documentaire ""Les Fossoyeurs"", co-écrit par Victor Castanet, l'exécutif a diffusé, vendredi, une première liste issue des investigations menées depuis 2022 dans les 7 500 Ehpad de France.","Fri, 28 Mar 2025 16:58:56 +0100",societe
"Ce que prévoit la réforme de la formation des enseignants, présentée vendredi par François Bayrou et Elisabeth Borne","Plusieurs fois annoncée puis laissée de côté, cette réforme sera ""engagée pour la rentrée 2025"", a annoncé le Premier ministre vendredi.","Fri, 28 Mar 2025 17:32:58 +0100",societe
"À Fontenay-aux-Roses, un collège sous le choc après l'agression d'une professeure d'EPS","Les cours ont repris vendredi au collège des Ormeaux, dans les Hauts-de-Seine. Quelques jours plus tôt, une professeure d'EPS a été agressée par trois adolescents.","Fri, 28 Mar 2025 17:36:18 +0100",societe
